S.No,Roll No,Name,Section
1,2510030362,B  HITESH,A6
2,2510030263,MOHAMMED FARDAN ALI,A5
3,2510030218,ALLAPU REDDY PUNEETH REDDY,A4
4,2510030349,NUNNA  BHUVAN,A3
5,2510030409,NARAYANAGARI JASHWANTH REDDY,A2
6,2510030100,GADDAM  RISHITHA,A1
7,2510030049,JUKKANOLLA ABHISHEK REDDY,A7
8,2510030373,NIRAV  BANDARI,A6
9,2510030032,MOHAMMED   ABBUBAKAR,A5
10,2510030292,BALERAO   RISHITHA,A4
11,2510030001,KICHANNAGARI MANIKANTA REDDY,A3
12,2510030414,N RISHIKESH REDDY,A2
13,2510030028,BINAMRA  MAITY,A1
14,2510030426,BAVAGONI  VARSHITH,A7
15,2510030066,CHINTHAPALLY RAGHUVEERA REDDY,A6
16,2510030369,MOHAMMED ABDUL GHAFFAR,A5
17,2510030062,N V MOHAMMED  FAZAL,A4
18,2510030061,MATTEGUNTA  SREE VENKATA SURYA SAI HARSHA,A2
19,2510030193,KANDE VENKATA SAI ABINAYA,A3
20,2510030027,KAKU VENKAT PAVAN KUMAR,A1
21,2510030104,VANNEMREDDY PUSHKAR GAJANANA,A7
22,2510030396,KAVALI  SAI CHAITANYA,A6
23,2510030036,BALAPURAM   PRAJWAL,A3
24,2510030194,PALIKA SANTHOSH  CHARAN,A4
25,2510030203,ANSHUL   RAJ,A5
26,2510030080,DHANANJAY   SHARMA,A1
27,2510030416,DAMARAJU MANI DEEKSHITA,A2
28,2510030103,KARANAM ABHINAY  SAI,A7
29,2510030208,CHIKKONDLA  SIDDHARTH,A6
30,2510030356,ALPANSH   SHARMA,A5
31,2510030180,KATTHI PRANEETH REDDY,A4
32,2510030241,CHEERLA  VAMSI VARDHAN,A3
33,2510030367,BYREDDY MANVITH REDDY,A2
34,2510030370,HARSHIL  KOKNEY,A1
35,2510030051,PATLOLLA  PRABHAKAR REDDY,A7
36,2510030371,MUNNURU PRANAV KUMAR,A6
37,2510030196,MANCHALA JASHWANTH KUMAR,A4
38,2510030355,GUNDUBAVI SRICHARAN REDDY,A5
39,2510030043,VENNELA REDDY GAARUGUPATI,A3
40,2510030198,MANDA SAI NATH  REDDY,A2
41,2510030133,YOGITH SAI GADDIPATI,A1
42,2510030119,KATTA  SUHAS,A7
43,2510030037,MOKILA   KARTHIKREDDY,A6
44,2510030393,ADDULA PAVAN REDDY,A5
45,2510030398,THAKALLAPALLY SAI PRANEETH,A4
46,2510030394,KOPPULA YAGNESWAR REDDY,A3
47,2510030052,PATAN SULEMAN KHAN,A2
48,2510030183,JAGARAPU  VARSHITA,A1
49,2510030160,PERADA  POLINAIDU,A7
50,2510030143,MUDDA CHARITHA SREE,A6
51,2510030301,PALLA  DEEKSHITH  REDDY,A5
52,2510030017,PALUGULLA VENKAT SAI BHANU KOUSHIK REDDY,A4
53,2510030108,SOMA  LOKESH REDDY,A2
54,2510030299,ARMAAN  REZA,A3
55,2510030380,KANCHARLA TIRUMALA NAIDU,A1
56,2510030084,SIKILAMBATLA  JWALIT,A7
57,2510030071,SYED MOHAMMED FAIZAN,A6
58,2510030164,SURARAM DEEKSHITH REDDY,A5
59,2510030113,DASARI   VAISHNAVI,A3
60,2510030429,SANDADI  HEMANTH   REDDY,A4
61,2510030187,PATLURU  SRISHANTH,A2
62,2510030266,KASUKURTHI GOKUL ARNAV,A1
63,2510030083,REDDIGARI  CHANDU,A7
64,2510030232,MIDDE LIKITH REDDY,A5
65,2510030307,GUNDALA ABHISHEK REDDY,A6
66,2510030148,DANDYALA  INDRAKARANREDDY,A3
67,2510030318,YERUVA SAGAR RITHWIK REDDY,A4
68,2510030419,G SUSHANTH  REDDY,A2
69,2510030243,ANNAMARAJU  VIVEK,A1
70,2510030024,PATLOLLA RISHIKESH REDDY,A6
71,2510030035,SRIRAMADASU  ANUSHKA,A7
72,2510030407,YEGGOLU  SAANVI,A5
73,2510030363,NUTULA  SAI CHARAN REDDY,A4
74,2510030308,JILLELLA  KUSHAL REDDY,A1
75,2510030328,GUNTI ABHI CHANDRA,A2
76,2510030424,MADULAVEDU ARAVINDHAR REDDY,A3
77,2510030279,KALAPALA  SHANMUKH SAI DARAHAS,A7
78,2510030155,GUTTI  JASHWANTH,A5
79,2510030290,GALIPALLY  HANISH REDDY,A6
80,2510030278,ENNU VARSHITHA REDDY,A4
81,2510030368,KODEBOIYNA PARIMAL SAI,A3
82,2510030112,BACHAMGARI KARTHIK CHARAN REDDY,A1
83,2510030384,GOLLAPALLY SAI KARTHIK  REDDY,A2
84,2510030430,M JIVITH REDDY,A7
85,2510030257,ERAGADINLA  SAITEJA,A4
86,2510030296,GOUNI  NANDHA KISHOR REDDY,A5
87,2510030375,ANEESHA   MALLAVARAPU,A6
88,2510030140,PYATA  ANIRUDH,A2
89,2510030162,ANEMONI MANASWEE YADAV,A3
90,2510030364,A SAI KUMAR REDDY,A7
91,2510030420,BUSSA SAI YASWANTH  REDDY,A1
92,2510030428,AMAAN PASHA SHAIKH,A6
93,2510030378,CHINTHAKINDI JASWANTH REDDY,A5
94,2510030244,CHITTEDI  SREEJA,A4
95,2510030200,CHANDRAGIRI  HARSHITH,A3
96,2510030381,VADLA   KARTHIK,A2
97,2510030153,NALLA RISHIVARDHAN REDDY,A1
98,2510030067,VENNE  SREENIGAM,A5
99,2510030199,GOURU   MANIKANTA,A6
100,2510030210,MEKALA VEDAMSH REDDY,A7
101,2510030348,NALLURI   RUTHVIK,A4
102,2510030161,TANNEERU  VISHNU VARDHAN,A6
103,2510030177,PATLOLLA VIVEK REDDY,A7
104,2510030188,LANKA SRI MANI MAHEJYA,A1
105,2510030195,KOLATAM  SINDHUJA,A2
106,2510030353,MOHAMMED  NUMAIRUDDIN,A3
107,2510030129,BANTU  SUHANI,A2
108,2510030235,RAJVEER  JAIN,A3
109,2510030178,ADDHULA  PRANAVI REDDY,A4
110,2510030309,MOHD ABDUL AIYAAN,A5
111,2510030158,MADI  AMULYA REDDY,A7
112,2510030422,PANDUGA  SATWIK,A1
113,2510030057,SHRIYAN   BOHRA ,A3
114,2510030151,MARDAN SHESHANK REDDY,A4
115,2520030540,PRIYANKA  RUPNAR,A5
116,2510030334,CHERUKURI  CHETAN CHOWDARY,A6
117,2510030351,KESHAPALLY THRILOCHAN REDDY,A1
118,2510030383,SANKOJU  THARUN,A2
119,2510030377,RENATLA  SAHASRA,A7
120,2510030102,GANGU GAHEENA RAJ,A4
121,2510030240,BEERELLI VINEETH REDDY,A5
122,2510030265,ADDALA ESHWAR SIDDHARTHA,A6
123,2510030277, ANTHARAM   AKHILA GOUD,A3
124,2510030359,BOTTA TULASI RATNA SRI PRASASTHYA,A1
125,2510030205,KOTHA SAI CHARAN REDDY,A2
126,2510030069,PEESAPATI  VEDA PRANEETH ,A4
127,2510030099,KAMIREDDY  MEGHANA,A5
128,2510030120,ASHRITHA  KULSHRESTHA,A6
129,2510030391,PEDDELLI  BHAVITHA,A7
130,2510030201,PRODDUTURI  NISHOK REDDY,A6
131,2510030321,THALAPALLY VARSHITH TEJA,A7
132,2510030340,BODA SANTHOSH KUMAR,A1
133,2510030382,ARDHA SATHWIK REDDY,A2
134,2510030404,CHINTA JYOSHNA SURYA SRI,A3
135,2510030118,BUSIRAJU SAI  DIVYA SRI,A5
136,2510030173,RAVILLA NAGA SREEJA,A4
137,2510030092,NARENDRA  KUMAR SHARMA,A1
138,2510030135,PUNEETH  CHANDRA  NADIU KORNU,A2
139,2510030324,GUJJULA VIGNESHWAR REDDY,A3
140,2510030211,KOLAN PRANEETH REDDY,A7
141,2510030233,MOHAMMAD  REHAN,A5
142,2510030314,GOLLA HARDHIK ARYAN,A6
143,2510030163,SUREDDY YASWANTH REDDY,A2
144,2510030242,POLEPALLY  THARUNI,A3
145,2510030317,VADLA  AISHWARYA,A4
146,2510030172,GUNDLAPALLY SHIVA MANI,A6
147,2510030337,MULA VEERA RANADEEP GOUD,A7
148,2510030366,MOHAMMED   AFFAN,A1
149,2510030389,DEEKSHITH REDDY P,A5
150,2510030072,KOLLA ARUN YADAV,A7
151,2510030082,JAMALPUR  ABBHINAV KUMAR,A1
152,2510030125,REMME  NIVAS,A2
153,2510030294,KESAMREDDY PRAVEEN KUMAR REDDY,A3
154,2510030358,KOTTURI  NIKILESHWAR,A4
155,2510030212,ALLE  HARSHITHA,A2
156,2510030268,KASUKURTHI GAURAV SRI HARSHA,A3
157,2510030288,MURARISHETTI  HARSHITH,A4
158,2510030319,PULLA  ANIL KUMAR,A5
159,2510030415,ANISH REDDY BHANOORI,A6
160,2510030110,AMBATI RUSHI TEJA  REDDY,A6
161,2510030202,BANDA  DHEERAJ,A7
162,2510030311,CHAPALA  SREEJA,A1
163,2510030085,KOVVALI SRI VENKATA PADMAVATHI,A7
164,2510030098,HASINI   MUSKU,A1
165,2510030145,INUGANTI  NITEEKSHA,A2
166,2510030254,POTHIREDDY JATHIN REDDY,A3
167,2510030335,KALVA  SAI CHARAN,A4
168,2510030344,PRAKKI SUSHANTH SRIVATSA,A5
169,2510030023,CH SAI DEEPAK SARMA,A4
170,2510030152,BAIBHABA  CHOUDHURY,A5
171,2510030329,GURAJADA TANU SRI  SAI LAKSHMI VARSHA,A6
172,2510030223,GADDAM THANWISH REDDY,A3
173,2510030256,MAREPALLY   NAVYA SRI,A2
174,2510030018,MENDA  TRISHA,A6
175,2510030031,TIPPANI ANIKETH REDDY,A7
176,2510030258,MANDHULA SHIVA PRASAD REDDY,A1
177,2510030053,KRISHNA  BIRADAR,A5
178,2510030006,NYSHADHAM  SRIKAR,A2
179,2510030168,KURUMURTHY  LAASYA,A3
180,2510030374,G SRI HARINI,A4
181,2510030190,KOTHAKAPU  ARCHANA,A1
182,2510030075,KOLAKAR IRFAN FARAJ,A3
183,2510030107,ALUGONDA SPOORTHY REDDY,A4
184,2510030142,RAO  SANKEERTH,A5
185,2510030207,PATEL   LIKITHA,A6
186,2510030322,KONINTI  RAHUL,A7
187,2510030010,DANDA  SREENIDHI,A6
188,2510030033,KARRI SRI SAI  PRASHANTH,A7
189,2510030131,TAHFEEM  SULTANA,A1
190,2510030298,KALAL  ABHILASH GOUD,A2
191,2510030063,PUJARI VENKATA AKSHITH RAMANA,A4
192,2510030291,KAKARAPARTI  AISHWARYA,A5
193,2510030124,KANDA  DHYANANJALI,A4
194,2510030156,ANEMONI  SAI CHARAN YADAV,A5
195,2510030176,JOGU  AKSHITHA,A6
196,2510030227,SATVIK  PACHIPULUSU,A7
197,2510030293,MOHAMMED  FARHAN,A1
198,2510030306,KATNA  ABHINESHWAR,A2
199,2510030397,RANGA REDDY   JASHWITHA,A3
200,2510030149,IVATURI  NAGAMOHITH,A3
201,2510030013,KAPPE  SHIVA,A6
202,2510030303,RAMESH SIDHARDH PERAVALI,A7
203,2510030376,ANNAM  CHANDANA,A1
204,2510030412,JOGU AKHIL SAGAR,A2
205,2510030003,KANDALA  VANSHIKA,A7
206,2510030171,SURARAM ASHWITHNATH REDDY,A1
207,2510030234,MYADARI SIRI CHANDANA,A2
208,2510030283,MALISU  NANDINI,A3
209,2510030312,PASUPULETI DHANA LAKSHMI,A4
210,2510030421,BAISETTI ASWANI GAYATRI,A5
211,2510030109,MADI  SRIVALLI,A1
212,2510030260,PRAJWAL  KAMATAM,A2
213,2510030272,TIGULLA  SHARANYA,A3
214,2510030273,GUNDALA  PRASANNA,A4
215,2510030331,KANDADAI SESHA SRIYA ADITHI,A5
216,2510030354,AKHUN MOHAMMAD ABDUL KHADER REYHAN,A6
217,2510030238,MADI  AISHWARYA REDDY,A7
218,2510030026,MALLEPALLY  ANVITHA REDDY,A2
219,2510030050,JATIN  KAMBLE,A3
220,2510030091,HARIHARAN K L,A4
221,2510030249,RAGE  DIKSHA,A5
222,2510030248,MADAMSHETTY   PRUTHVI,A6
223,2510030090,SINGAM  VARUN,A4
224,2510030116,PILLANAGROVILA SUJAL YADAV,A5
225,2510030122,ELUGANI   SHREESHNAVI,A6
226,2510030138,GANJI  SRIKANTH,A7
227,2510030186,MALLELA NAMRATHA SAI,A1
228,2510030016,ODDIRAJU  SRIDHRUTHI,A6
229,2510030054,EVYAVAN  ANIRUDH KASA,A7
230,2510030064,PATLOLLA  HARINI,A1
231,2510030068,CHENNURI SAI KIRAN,A2
232,2510030286,NALAPURAM AKSHARA SAI,A3
233,2510030137,YANAGANDULA RAMA KRISHNA,A5
234,2510030014,GUDEPU PRANAV SAI,A2
235,2510030154,KOTHUR NARSIMHA REDDY,A3
236,2510030361,TANISHK  JOSHI,A4
237,2510030046,PUNNA  REVANTH KUMAR,A6
238,2510030134,CHINTHALAPATI  RISHIVARMA,A7
239,2510030219,B NAMITHA REDDY,A1
240,2510030136,GANAPURAM  VEERAVARDHAN,A3
241,2510030204,RACHURI PRANAV SAGAR,A4
242,2510030385,VOGHU  VAISHNAVI,A5
243,2510030094,MANDADA VEDASRI REDDY,A1
244,2510030252,KOTHA  LATHIKA,A2
245,2510030284,RANGAREDDY  AKSHITHA,A7
246,2510030005,ARABATI  CHARAN,A3
247,2510030274,SHAIK  MOHAMMED UMAR,A4
248,2510030386,GOLLAPALLY SAI GANESH REDDY,A5
249,2510030408,GARBHAM SREE  CHETANA,A6
250,2510030070,SIRIGINEEDI MANOJNA SAI,A5
251,2510030076,PUTREVU  NAGA VENKATA  SAI DHANUSH,A6
252,2510030166,TADIKONDA  RISHIKESH,A7
253,2510030228,KATKAM  AKHILA,A1
254,2510030352,ANSHUL   HEDA,A2
255,2510030055,PILLY TANISH CHANDRA,A6
256,2510030073,NERELLA  SREEJA,A7
257,2510030216,AKUNAMONI  AKHILA,A1
258,2510030220,VARALA  SHLOKA SREE,A2
259,2510030339,DAPPUR VINAY GOUD,A3
260,2510030400,PENJARLA  VARSHITHA   REDDY,A4
261,2510030021,MUDUGANTI SAI VARUN REDDY,A1
262,2510030081,KUKKALA   UDAY KIRAN,A2
263,2510030224,KANNEBOINA  TEJASRI,A3
264,2510030275,C SAI SACHIN,A4
265,2510030410,NELATURU CHANDANA PRIYA  REDDY,A5
266,2510030015,VUDAYAGIRI  CHANIKYA REDDY,A4
267,2510030121,BOYA SAI  VARSHINI,A5
268,2510030189,ALAMPALLY  TEJASHWI,A6
269,2510030402,CHEDURUPALLI  ASHWINI,A7
270,2510030127,MUDIREDDY SRINIKESH REDDY,A3
271,2510030115,PEDDI INDRAKIRAN REDDY,A3
272,2510030111,JANGILI  GANESH CHANDU,A4
273,2510030139,MANUGULA  SRI HARSHINI,A5
274,2510030169,THAMMU   SUHANI,A6
275,2510030255,BANDA  MANISHA,A7
276,2510030285,CHAKRIKA  GONDRALA,A1
277,2510030325,BACHANGARI  SIRI,A2
278,2510030165,VENKATA SAI DHEERAJ GUDAPATI,A2
279,2500030017,KADIRE SUHAANTHI REDDY,A4
280,2510030221,THIRUVAYIPATI  MANOHARSHITHA,A5
281,2510030280,KESHAPALLY   PAVITHRA,A6
282,2510030300,SAI CHARAN REDDY ARRA,A7
283,2510030327,CHENGAL ANSHITH REDDY,A1
284,2510030004,MOLUGU  SRIHITHA,A7
285,2510030209,K  SHANMUKHI,A1
286,2510030247,SUDI VAMSHI KRISHNA KUMAR,A2
287,2510030336,PAGIDIMARRY  MOHIT,A3
288,2510030065,SRIRAM PAVAN KUMAR,A2
289,2510030214,VAGALLA MADHURI REDDY ,A3
290,2510030323,NUKA SAI SUKHESH REDDY,A4
291,2510030333,EKKALURI VENKATA PRADEEP,A5
292,2510030431,THEEGALA  SAMHITHA,A6
293,2510030123,KOMALA   SHRAVYA,A5
294,2510030132,SANCHO SOLAVI RAJ IRIGI,A6
295,2510030215,AVULA KARTHIK SAI,A7
296,2510030226,AVSALA  VAISHNAVI,A1
297,2510030305,NUDURUPATI  SNIKITHA SREE,A2
298,2510030387,A SACHIDANANDA  REDDY,A3
299,2510030418,SISTA  ANIRUDH,A4
300,2510030213,GUDAPUREDDY RAMA GAYATHRI,A1
301,2510030042,KUSETTY  SRAVYA,A6
302,2510030105,NARAYANADASU  KOUSHIK,A7
303,2510030390,ABHIJITH  JAYAN,A5
304,2510030276,MAMIDI SRIJA REDDY,A2
305,2510030316,AVUSULA  RAJESHWARI,A3
306,2510030341,SANGAM   VAISHNAVI,A4
307,2510030078,KOLAN  SAI PRIYA,A5
308,2510030093,KANDHULA  POOJA SRI REDDY,A6
309,2510030146,K  HEMANI,A7
310,2510030261,KOTTA SAI  SRINATH,A1
311,2510030096,AKASAPU VENKATA SAI CHAITANYA,A1
312,2510030251,PURAMSHETTY  ANANYA,A2
313,2510030357,AKULA YESHWANTH  RAGHU SAI,A3
314,2510030392,BONTHALA LAKSHMI NIKSHITHA,A4
315,2510030101,PASHAM  MEGHANA,A5
316,2510030144,KEERTHIPATI  SHANJANA,A6
317,2510030225,SHAIK  ASHA  PARVEEN ,A7
318,2510030079,KANNOJU PRABHAS  CHARY,A2
319,2510030326,BURRA HEMANTH GOUD,A3
320,2510030427,SUNAPU  LIKITHA,A4
321,2510030159,KASETTY  PRANATHI,A4
322,2510030181,GRANTH JIGNESHBHAI MANGUKIYA,A5
323,2510030217,ATAVALI   SIRISHA,A6
324,2510030403,BADAM  HASIKA,A7
325,2510030222,PEDAPATRUNI  SUGANDH,A1
326,2510030074,PALLE HEMANTH KUMAR REDDY,A1
327,2510030174,CHIGULLAPALLY   ANUSHA,A2
328,2510030184,MOKSHITH   MIRYALA,A3
329,2510030059,SAMEER   SAHU,A3
330,2510030117,PARAMATI   SAIPRIYA,A4
331,2510030239,ADIMULAM  TEJOBHIRAM,A5
332,2510030320,BONTHAPALLY   ABHILASH,A6
333,2510030347,KOTHANURU  VAISHNO DEVI,A7
334,2510030020,SHAIK WASIM JAFFER,A1
335,2510030088,T  ABHISHEK,A2
336,2510030372,VIDYA KEERTHI CHITTURI,A7
337,2510030045,SYED UBAID UR REHMAN BUKHARI,A2
338,2510030097,MYADARAM  SNIGDHA,A3
339,2510030157,VAISHNAVI   MOURYA,A4
340,2510030250,NETHI  GREESHMA,A5
341,2510030297,KANIKANTI VASTHAV VIJAY CHOWDHARY,A6
342,2510030058,SAVITHRU  DHULIPALA,A5
343,2510030270,DOLA  MOUNIKA,A6
344,2510030332,SUGGU LAKSHITH SAI RAJ REDDY,A7
345,2510030342,THIPPANI  HANSARYA,A1
346,2510030089,MANTHINEEDI  SUSANTH,A6
347,2510030095,ARVAPALLI  YASHASREE,A7
348,2510030141,MALGARI  NIHARIKA,A1
349,2510030271,BOINA  PAVITHRA,A2
350,2510030411,DAVALAGARI JVALITHA REDDY,A3
351,2510030423,DARAM  SIDDHARTHA,A4
352,2510030182,PATLOLLA  RISHITHA,A5
353,2510030012,KARRE  VISHWAS,A3
354,2510030167,ALMARI   THARUN,A4
355,2510030150,MEDAVARAPU  SAATHVIK,A1
356,2510030330,THOTA LAKSHMI HANSIKA,A2
357,2510030008,GORANTLA  PRANAV,A2
358,2510030009,P  MEGHANA,A3
359,2510030029,THUMMALA HARSHITH  REDDY,A4
360,2510030269,PATLOLLA  SNIGDHA,A5
361,2510030315,SIDDHARTH SATYA SHIVA V,A6
362,2510030401,BHAVYA SREE  KANDUR,A7
363,2510030282,EMMADI  SARAYU,A1
364,2510030019,GIRISH  KUMAR,A3
365,2510030025,PASULA  SHLOKA,A4
366,2510030231,KULKARANI  ABHILASH,A5
367,2510030289,RAYANOLLA SHARATH CHANDRA YADAV,A6
368,2510030395,MADHULIKA  GARLAPATI,A7
369,2510030147,UNGARALA YOGENDRA SHIVA SRI KUMAR,A2
370,2510030034,CHINNAYEDDULA  NIDHEESH REDDY,A6
371,2510030245,BONTHAPALLY  MAMATHA,A7
372,2510030405,SAI RAKESH  PENUMUTCHU,A1
373,2510030287,KOLLU SREE LASYA,A5
374,2510030060,SULUGURI  SAHASRA REDDY,A3
375,2510030128,PASHAM  HANSIKHA REDDY,A4
376,2510030130,PASHAM RISHIKHA REDDY,A5
377,2510030185,VAMARAJU SAI SAHITH,A6
378,2510030229,JADDU  SPOORTHI,A7
379,2510030236,I D K   VAMSIE,A1
380,2510030246,MALLALA SRI CHARAN,A2
381,2510030253,KUCHI   CHETHANA,A3
382,2510030302,VALLURU   SREEJA,A4
383,2510030044,JUNAID  BAIG,A5
384,2510030047,NAGULAVANCHA  SAKSHITH,A6
385,2510030106,KONDA VENKATA SRINATH,A7
386,2510030338,PODDUTURI   PRANAVI,A1
387,2510030343,MANCHARLA MOUNIKA REDDY,A2
388,2510030179,CHUNDURI  HYMAVATHY,A3
389,2510030192,CHILUVERU  SRIJA,A4
390,2510030038,MAYREDDY KRUTHIKA REDDY,A5
391,2510030237,KOTHULANNA  GIRISHWARI,A6
392,2510030267,JUNNURU  SASANK VENKAT SREE  SAIRAM,A7
393,2510030388,JANAKI  SRIHITHA,A1
394,2510030413,BHAMIDIPATI  APARNA,A2
395,2510030040,NARSIPURA  ARNAVI,A7
396,2510030048,K  AKSHITH KUMAR,A1
397,2510030175,GORUGANTULA LAKSHMI GAYATHRI,A2
398,2510030206,KOPPOLU  SWATHI,A3
399,2510030264,SUKHAVASI YASWANTH KUMAR,A4
400,2510030011,SANGATI  LIKHITA,A4
401,2510030030,CHAGAMREDDY LATHIKA  REDDY,A5
402,2510030087,M  RUCHEE,A6
403,2510030170,THIRUNAGARI  VARSHA,A7
404,2510030191,TAMMIRAJU VENKATA ANVITH KUMAR,A1
405,2510030230,CHINTHA RISHITH KUMAR,A2
406,2510030295,RASKAS SAI KARTHIK,A3
407,2510030313,KAKI  SAI SHIVA BALAJI,A4
408,2510030346,SUNIGANTI  LASYA,A5
409,2510030425,YUSUF  SHEREEF,A6
410,2510030022,PUNREDDY  SHRENIKA  REDDY,A5
411,2510030077,BHAVESH  KUMAR,A6
412,2510030126,VUPPALA  RITHVIK,A7
413,2510030281,MANGALIKUNTLA  TARUNI,A1
414,2510030379,POTNURU  BHAVYA,A2
415,2510030417,EVANI SRIANISH SARAVAN,A3
416,2510030114,ALUGUBELLY BHARATH REDDY,A4
417,2510030002,ANSHJEET  SINGH,A6
418,2510030007,YEDLA  AKSHAYA,A7
419,2510030041,KEERTHANA  VITTAL,A1
420,2510030350,SEJAL   HEDA,A2
421,2510030365,GOPARAJU S R K  AKSHITH,A3
422,2510030039,SATHYAVADA  SAI KEERTHANA,A1
423,2510030056,KUPPALA   JASMITHA,A2
424,2510030197,BILLAKANTI  VARSHITH,A3
425,2510030304,SHIVAMOLLA RITHIKA REDDY,A4
426,2510030406,JAGRUTHI  JETTI,A5
